dt,date,time,dayoftheweek,latitude,longitude,site_name,site_code,source_id,PM1,PM10,PM25,AQI,NO2,O3,SO2
1645516754,2022-02-22,07:59:14.996138,Tuesday,51.283936,-0.36437,Leatherhead,OPENAQ_Leatherhead62444,OPENAQ,3.4,5.7,5.1,2.0,,,
1645516754,2022-02-22,07:59:14.996138,Tuesday,51.05497,0.233557,Rotherfield Spout Hill,OPENAQ_Rotherfield-Spout-Hill70566,OPENAQ,3.6,3.4,3.2,1.0,,,
1645516754,2022-02-22,07:59:14.996138,Tuesday,51.268623,-2.196271,iRobinathome007,OPENAQ_iRobinathome00769563,OPENAQ,6.8,2.0,1.5,1.0,,,
1645516754,2022-02-22,07:59:14.996138,Tuesday,51.27399,1.098061,Canterbury,OPENAQ_Canterbury2382,OPENAQ,,,,2.0,2.0,51.0,
1645516754,2022-02-22,07:59:14.996138,Tuesday,51.277943,-2.782218,Cheddar - Hillfield,OPENAQ_Cheddar---Hillfield270855,OPENAQ,2.7,3.3,2.8,1.0,,,
1645516754,2022-02-22,07:59:14.996138,Tuesday,51.374264,0.54797,Chatham Roadside,OPENAQ_Chatham-Roadside2560,OPENAQ,,12.0,2.0,1.0,4.0,,
1645516754,2022-02-22,07:59:14.996138,Tuesday,51.448823581151,0.279379130223739,Dartford - St Clements 2,OPENAQ_Dartford---St-Clements-2225740,OPENAQ,,3.9,,1.0,33.7,,
1645516754,2022-02-22,07:59:14.996138,Tuesday,51.4946486813055,0.137279111232178,Bexley - Belvedere West FDMS,OPENAQ_Bexley---Belvedere-West-FDMS225720,OPENAQ,,5.7,,2.0,21.5,33.5,
1645516754,2022-02-22,07:59:14.996138,Tuesday,51.456357,0.040725,Greenwich - Westhorne Avenue,OPENAQ_Greenwich---Westhorne-Avenue225797,OPENAQ,,5.8,4.1,1.0,22.5,61.4,
1645516754,2022-02-22,07:59:14.996138,Tuesday,51.49633,-0.460861,London Hillingdon,OPENAQ_London-Hillingdon153,OPENAQ,,,,2.0,4.0,39.0,
1645516754,2022-02-22,07:59:14.996138,Tuesday,51.486884,0.017901,Greenwich - Woolwich Flyover,OPENAQ_Greenwich---Woolwich-Flyover225761,OPENAQ,,3.0,4.0,2.0,25.4,9.2,
1645516754,2022-02-22,07:59:14.996138,Tuesday,51.480499,-0.05955,Southwark A2 Old Kent Road,OPENAQ_Southwark-A2-Old-Kent-Road146,OPENAQ,,10.0,4.9,1.0,7.0,,
1645516754,2022-02-22,07:59:14.996138,Tuesday,51.490494,-0.193112,21ECS,OPENAQ_21ECS227788,OPENAQ,3.8,5.9,5.2,1.0,,,
1645516754,2022-02-22,07:59:14.996138,Tuesday,51.4839072533485,0.000407396935849736,Greenwich - Trafalgar Road (Hoskins St),OPENAQ_Greenwich---Trafalgar-Road-(Hoskins-St)225800,OPENAQ,,6.0,,1.0,29.0,,
1645516754,2022-02-22,07:59:14.996138,Tuesday,51.48178,-3.17625,Cardiff Centre,OPENAQ_Cardiff-Centre2485,OPENAQ,,10.0,7.0,2.0,2.0,60.0,6.0
1645516754,2022-02-22,07:59:14.996138,Tuesday,51.476168,-0.230427,Richmond Upon Thames - Barnes Wetlands,OPENAQ_Richmond-Upon-Thames---Barnes-Wetlands225771,OPENAQ,,5.0,,2.0,7.4,77.9,
1645516754,2022-02-22,07:59:14.996138,Tuesday,51.05625,-2.68345,Charlton Mackrell,OPENAQ_Charlton-Mackrell2389,OPENAQ,,,,2.0,1.0,70.0,
1645516754,2022-02-22,07:59:14.996138,Tuesday,51.153538,0.599418,Appleton Farm Oast Frittenden Kent UK,OPENAQ_Appleton-Farm-Oast-Frittenden-Kent-UK69965,OPENAQ,3.8,5.2,3.7,1.0,,,
1645516754,2022-02-22,07:59:14.996138,Tuesday,51.46603,0.184806,London Bexley,OPENAQ_London-Bexley157,OPENAQ,,6.0,3.0,1.0,3.0,35.0,10.8
1645516754,2022-02-22,07:59:14.996138,Tuesday,51.379312,-0.281259,Kingston Upon Thames - Tolworth Broadway,OPENAQ_Kingston-Upon-Thames---Tolworth-Broadway225764,OPENAQ,,10.0,,1.0,11.3,,
1645516754,2022-02-22,07:59:14.996138,Tuesday,51.486957,0.095111,Greenwich - Plumstead High Street,OPENAQ_Greenwich---Plumstead-High-Street225751,OPENAQ,,,-2.6,2.0,34.4,27.9,
1645516754,2022-02-22,07:59:14.996138,Tuesday,51.49467,-0.131931,London Westminster,OPENAQ_London-Westminster159,OPENAQ,,,4.0,1.0,7.0,,
1645516754,2022-02-22,07:59:14.996138,Tuesday,51.4937746695818,0.0107796237032558,Greenwich - John Harrison Way,OPENAQ_Greenwich---John-Harrison-Way225755,OPENAQ,,5.4,7.4,1.0,10.6,,
1645516754,2022-02-22,07:59:14.996138,Tuesday,51.48879,-0.441614,London Harlington,OPENAQ_London-Harlington141,OPENAQ,,6.0,3.0,2.0,3.0,38.0,
1645516754,2022-02-22,07:59:14.996138,Tuesday,51.150402,0.695577,Smarden (outdoors),OPENAQ_Smarden-(outdoors)69794,OPENAQ,4.5,4.2,3.4,1.0,,,
1645516754,2022-02-22,07:59:14.996138,Tuesday,51.3622305655403,-0.117604507351392,Croydon - Purley Way A23,OPENAQ_Croydon---Purley-Way-A23225734,OPENAQ,,,,1.0,6.6,,
1645516754,2022-02-22,07:59:14.996138,Tuesday,51.4426702340503,0.216185856662181,Dartford Roadside 2 - Town Centre,OPENAQ_Dartford-Roadside-2---Town-Centre225746,OPENAQ,,7.7,,1.0,9.6,,
1645516754,2022-02-22,07:59:14.996138,Tuesday,51.359375,-1.108538,Silchester,OPENAQ_Silchester223319,OPENAQ,1.4,4.0,3.3,1.0,,,
1645516754,2022-02-22,07:59:14.996138,Tuesday,51.5129998832095,-0.150913488159214,Westminster - Duke Street (Grosvenor),OPENAQ_Westminster---Duke-Street-(Grosvenor)225833,OPENAQ,,,,1.0,8.7,,
1645516754,2022-02-22,07:59:14.996138,Tuesday,51.520894546995,-0.724024666515,Windsor and Maidenhead - Frascati Way,OPENAQ_Windsor-and-Maidenhead---Frascati-Way225847,OPENAQ,,16.0,,1.0,-0.5,,
1645516754,2022-02-22,07:59:14.996138,Tuesday,51.4346627060562,0.0642224671704697,Greenwich - Fiveways Sidcup Rd A20,OPENAQ_Greenwich---Fiveways-Sidcup-Rd-A20225769,OPENAQ,,5.0,,1.0,35.7,,
1645516754,2022-02-22,07:59:14.996138,Tuesday,51.5324054617809,-0.217718908639377,Brent - ARK Franklin Primary Academy,OPENAQ_Brent---ARK-Franklin-Primary-Academy225713,OPENAQ,,2.6,,1.0,43.3,,
1645516754,2022-02-22,07:59:14.996138,Tuesday,51.410039,-0.127523,Croydon - Norbury Manor,OPENAQ_Croydon---Norbury-Manor225824,OPENAQ,,,6.0,1.0,,,
1645516754,2022-02-22,07:59:14.996138,Tuesday,51.45309,-0.944067,Reading New Town,OPENAQ_Reading-New-Town2479,OPENAQ,,7.0,4.0,2.0,12.0,41.0,
1645516754,2022-02-22,07:59:14.996138,Tuesday,51.480178972651,-0.62380842514,Windsor and Maidenhead - Clarence Road,OPENAQ_Windsor-and-Maidenhead---Clarence-Road225843,OPENAQ,,,,1.0,0.9,,
1645516754,2022-02-22,07:59:14.996138,Tuesday,51.062126,-0.301095,Horsham,OPENAQ_Horsham73057,OPENAQ,5.8,7.4,7.1,2.0,,,
1645516754,2022-02-22,07:59:14.996138,Tuesday,51.411349,-0.12311,Croydon - Norbury,OPENAQ_Croydon---Norbury225709,OPENAQ,,,,1.0,7.7,,
1645516754,2022-02-22,07:59:14.996138,Tuesday,51.07733,-0.053755,"Garden Mead, West Hoathly","OPENAQ_Garden-Mead,-West-Hoathly234485",OPENAQ,2.5,11.9,11.0,1.0,,,
1645516754,2022-02-22,07:59:14.996138,Tuesday,51.149617,-1.438228,Chilbolton Observatory,OPENAQ_Chilbolton-Observatory2424,OPENAQ,,6.0,4.0,1.0,1.0,55.0,3.0
1645516754,2022-02-22,07:59:14.996138,Tuesday,51.132645,0.891155,Ashford,OPENAQ_Ashford73228,OPENAQ,7.1,5.9,5.5,2.0,,,
1645516754,2022-02-22,07:59:14.996138,Tuesday,51.598892,-0.710715,Sedgmoor Road,OPENAQ_Sedgmoor-Road269287,OPENAQ,0.0,0.0,0.0,1.0,,,
1645516754,2022-02-22,07:59:14.996138,Tuesday,51.425286,-0.345606,London Teddington Bushy Park,OPENAQ_London-Teddington-Bushy-Park158,OPENAQ,,15.0,3.0,1.0,,,
1645516754,2022-02-22,07:59:14.996138,Tuesday,51.53085,-0.292488,Ealing - Hanger Lane Gyratory,OPENAQ_Ealing---Hanger-Lane-Gyratory225733,OPENAQ,,4.1,,1.0,12.8,,
1645516754,2022-02-22,07:59:14.996138,Tuesday,51.555126,-0.139495,Eleanor Palmer Primary School,OPENAQ_Eleanor-Palmer-Primary-School222799,OPENAQ,3.1,5.9,5.1,1.0,,,
1645516754,2022-02-22,07:59:14.996138,Tuesday,51.472504,-0.012381,Greenwich - Blackheath,OPENAQ_Greenwich---Blackheath225710,OPENAQ,,5.8,,1.0,7.0,,
1645516754,2022-02-22,07:59:14.996138,Tuesday,51.5236078191481,-0.265502631799754,Ealing - Western Avenue,OPENAQ_Ealing---Western-Avenue225744,OPENAQ,,9.4,,1.0,19.7,,
1645516754,2022-02-22,07:59:14.996138,Tuesday,51.522287,-0.125848,Camden - Bloomsbury,OPENAQ_Camden---Bloomsbury148,OPENAQ,,10.0,7.0,1.0,1.9,35.0,1.0
1645516754,2022-02-22,07:59:14.996138,Tuesday,51.315407,0.884635,Faversham,OPENAQ_Faversham228316,OPENAQ,5.3,4.7,4.5,1.0,,,
1645516754,2022-02-22,07:59:14.996138,Tuesday,51.529389,0.132857,Barking and Dagenham - Scrattons Farm,OPENAQ_Barking-and-Dagenham---Scrattons-Farm225727,OPENAQ,,8.2,,1.0,5.7,,
1645516754,2022-02-22,07:59:14.996138,Tuesday,51.405546,0.018882,Bromley - Harwood Avenue,OPENAQ_Bromley---Harwood-Avenue225725,OPENAQ,,5.0,4.0,1.0,41.5,,
1645516754,2022-02-22,07:59:14.996138,Tuesday,51.5173675146177,-0.1201947113171,Camden - Holborn (Bee Midtown),OPENAQ_Camden---Holborn-(Bee-Midtown)225718,OPENAQ,,,,1.0,13.7,,
1645516754,2022-02-22,07:59:14.996138,Tuesday,51.53426,-0.051441,Sewardstone Rd,OPENAQ_Sewardstone-Rd225380,OPENAQ,2.5,7.1,6.0,1.0,,,
1645516754,2022-02-22,07:59:14.996138,Tuesday,51.52253,-0.154611,London Marylebone Road,OPENAQ_London-Marylebone-Road154,OPENAQ,,15.0,9.0,2.0,26.0,22.0,8.0
1645516754,2022-02-22,07:59:14.996138,Tuesday,51.5145253362314,-0.104515626337876,City of London - Farringdon Street,OPENAQ_City-of-London---Farringdon-Street225743,OPENAQ,,,5.0,1.0,,,
1645516754,2022-02-22,07:59:14.996138,Tuesday,51.165865,-0.167734,Horley,OPENAQ_Horley2541,OPENAQ,,4.6,,1.0,1.0,,
1645516754,2022-02-22,07:59:14.996138,Tuesday,51.520225273171,-0.0961060474176381,City of London - Beech Street,OPENAQ_City-of-London---Beech-Street225731,OPENAQ,,12.0,,1.0,60.2,,
1645516754,2022-02-22,07:59:14.996138,Tuesday,51.520787459334,0.205460705694044,Havering - Rainham,OPENAQ_Havering---Rainham225763,OPENAQ,,2.5,-0.7,1.0,11.2,,
1645516754,2022-02-22,07:59:14.996138,Tuesday,51.510499,-0.091634,City of London - Walbrook Wharf,OPENAQ_City-of-London---Walbrook-Wharf225721,OPENAQ,,,,2.0,16.9,,
1645516754,2022-02-22,07:59:14.996138,Tuesday,51.51525,-0.274293,Acton,OPENAQ_Acton65995,OPENAQ,4.2,4.9,4.5,1.0,,,
1645516754,2022-02-22,07:59:14.996138,Tuesday,51.234962,-0.860451,Crondall Weather,OPENAQ_Crondall-Weather62604,OPENAQ,2.8,6.3,5.3,2.0,,,
1645516754,2022-02-22,07:59:14.996138,Tuesday,51.5038527919816,-0.254668101620372,Ealing - Acton Vale ,OPENAQ_Ealing---Acton-Vale-225741,OPENAQ,,9.4,,1.0,4.1,,
1645516754,2022-02-22,07:59:14.996138,Tuesday,51.287754,0.491234,Allington A20 KENT,OPENAQ_Allington-A20-KENT73060,OPENAQ,0.4,0.3,0.2,1.0,,,
1645516754,2022-02-22,07:59:14.996138,Tuesday,51.518167,0.439548,Stanford-le-Hope Roadside,OPENAQ_Stanford-le-Hope-Roadside2489,OPENAQ,,8.0,3.0,1.0,2.0,,
1645516754,2022-02-22,07:59:14.996138,Tuesday,51.495057,0.0041074676,Greenwich - Tunnel Avenue,OPENAQ_Greenwich---Tunnel-Avenue227059,OPENAQ,,,,1.0,16.0,,
1645516754,2022-02-22,07:59:14.996138,Tuesday,51.526454,-0.08491,Hackney - Old Street,OPENAQ_Hackney---Old-Street225756,OPENAQ,,10.8,,2.0,16.0,7.4,
1645516754,2022-02-22,07:59:14.996138,Tuesday,51.51895,-0.265617,Ealing Horn Lane,OPENAQ_Ealing-Horn-Lane149,OPENAQ,,16.0,,2.0,31.8,,
1645516754,2022-02-22,07:59:14.996138,Tuesday,51.466972,-0.187184,Fulham Riverside,OPENAQ_Fulham-Riverside65568,OPENAQ,3.4,6.1,5.6,1.0,,,
1645516754,2022-02-22,07:59:14.996138,Tuesday,51.4563,0.085606,Greenwich - Falconwood,OPENAQ_Greenwich---Falconwood225796,OPENAQ,,-2.9,11.8,2.0,30.4,25.2,
1645516754,2022-02-22,07:59:14.996138,Tuesday,51.52105,-0.213492,London N. Kensington,OPENAQ_London-N.-Kensington155,OPENAQ,,12.0,7.0,1.0,6.0,39.0,2.0
1645516754,2022-02-22,07:59:14.996138,Tuesday,51.612843,-1.64443,Charlesby Drive,OPENAQ_Charlesby-Drive228606,OPENAQ,0.4,5.4,4.4,1.0,,,
1645516754,2022-02-22,07:59:14.996138,Tuesday,51.5111824979787,-0.139114122784456,Westminster - Regent St (Crown Estate),OPENAQ_Westminster---Regent-St-(Crown-Estate)270694,OPENAQ,,,,2.0,27.5,,
1645516754,2022-02-22,07:59:14.996138,Tuesday,52.132417,-0.300306,Sandy Roadside,OPENAQ_Sandy-Roadside2480,OPENAQ,,12.0,0.0,1.0,1.0,,
1645516754,2022-02-22,07:59:14.996138,Tuesday,51.588417,-0.362989,Harrow - Pinner Road,OPENAQ_Harrow---Pinner-Road225779,OPENAQ,,6.0,,1.0,15.8,,
1645516754,2022-02-22,07:59:14.996138,Tuesday,51.475163,-0.617876,Windsor,OPENAQ_Windsor69795,OPENAQ,2.4,0.7,0.5,1.0,,,
1645516754,2022-02-22,07:59:14.996138,Tuesday,51.544206,0.678408,Southend-on-Sea,OPENAQ_Southend-on-Sea2530,OPENAQ,,5.0,2.0,2.0,2.0,41.0,
1645516754,2022-02-22,07:59:14.996138,Tuesday,51.74488,-1.260664,St. Ebbes no 1,OPENAQ_St.-Ebbes-no-1224923,OPENAQ,0.2,17.9,17.1,1.0,,,
1645516754,2022-02-22,07:59:14.996138,Tuesday,51.763077,-1.270697,Southmoor Rd,OPENAQ_Southmoor-Rd224306,OPENAQ,0.0,11.5,10.6,1.0,,,
1645516754,2022-02-22,07:59:14.996138,Tuesday,51.6450367266602,-0.0661800662229116,Enfield - Bush Hill Park,OPENAQ_Enfield---Bush-Hill-Park225736,OPENAQ,,,,1.0,0.9,,
1645516754,2022-02-22,07:59:14.996138,Tuesday,51.557895,-0.106989,Islington - Arsenal,OPENAQ_Islington---Arsenal225782,OPENAQ,,5.0,,1.0,13.2,,
1645516754,2022-02-22,07:59:14.996138,Tuesday,51.680579,-3.133508,Hafod-yr-ynys Roadside,OPENAQ_Hafod-yr-ynys-Roadside2414,OPENAQ,,,,2.0,14.0,,
1645516754,2022-02-22,07:59:14.996138,Tuesday,51.563752,0.177891,Barking and Dagenham - Rush Green,OPENAQ_Barking-and-Dagenham---Rush-Green225708,OPENAQ,,,,1.0,5.4,,0.6
1645516754,2022-02-22,07:59:14.996138,Tuesday,51.45617,0.634889,Rochester Stoke,OPENAQ_Rochester-Stoke2558,OPENAQ,,5.0,3.0,1.0,1.0,43.0,2.0
1645516754,2022-02-22,07:59:14.996138,Tuesday,51.617054,-0.644539,Beaconsfield ,OPENAQ_Beaconsfield-67540,OPENAQ,1.6,1.4,1.1,1.0,,,
1645516754,2022-02-22,07:59:14.996138,Tuesday,51.563225,0.309303,"Monks Farm, Upminster","OPENAQ_Monks-Farm,-Upminster235016",OPENAQ,5.4,8.0,7.0,1.0,,,
1645516754,2022-02-22,07:59:14.996138,Tuesday,51.462839,-2.584482,Bristol St Paul's,OPENAQ_Bristol-St-Paul's731,OPENAQ,,11.0,6.0,2.0,5.0,54.0,
1645516754,2022-02-22,07:59:14.996138,Tuesday,51.638094,-2.678731,Chepstow A48,OPENAQ_Chepstow-A482553,OPENAQ,,12.0,4.0,2.0,13.0,,
1645516754,2022-02-22,07:59:14.996138,Tuesday,51.73003,-1.237768,iffley village,OPENAQ_iffley-village270495,OPENAQ,0.7,11.5,11.0,1.0,,,
1645516754,2022-02-22,07:59:14.996138,Tuesday,51.77305,-1.272415,Complins Close,OPENAQ_Complins-Close270063,OPENAQ,0.2,7.8,7.3,1.0,,,
1645516754,2022-02-22,07:59:14.996138,Tuesday,51.572976,0.179079,Havering - Romford,OPENAQ_Havering---Romford225789,OPENAQ,,-0.1,,1.0,8.8,,
1645516754,2022-02-22,07:59:14.996138,Tuesday,51.552476,-0.258089,Brent - Ikea,OPENAQ_Brent---Ikea225723,OPENAQ,,15.0,14.0,2.0,7.1,,
1645516754,2022-02-22,07:59:14.996138,Tuesday,52.20237,0.124456,Cambridge Roadside,OPENAQ_Cambridge-Roadside2449,OPENAQ,,,,1.0,11.0,,
1645516754,2022-02-22,07:59:14.996138,Tuesday,51.70268,-0.282015,North West London,OPENAQ_North-West-London62570,OPENAQ,1.9,0.5,0.4,1.0,,,
1645516754,2022-02-22,07:59:14.996138,Tuesday,51.632696,-3.947374,Swansea Roadside,OPENAQ_Swansea-Roadside2577,OPENAQ,,11.0,4.0,2.0,5.0,,
1645516754,2022-02-22,07:59:14.996138,Tuesday,51.737762,-0.348522,St Albans St Julians,OPENAQ_St-Albans-St-Julians270482,OPENAQ,0.0,0.0,0.0,1.0,,,
1645516754,2022-02-22,07:59:14.996138,Tuesday,51.490532,0.074003,Greenwich - A206 Burrage Grove,OPENAQ_Greenwich---A206-Burrage-Grove225747,OPENAQ,,7.3,7.3,1.0,41.8,,
1645516754,2022-02-22,07:59:14.996138,Tuesday,51.537799,-0.247793,Brent - John Keble Primary School,OPENAQ_Brent---John-Keble-Primary-School225719,OPENAQ,,3.7,,1.0,53.9,,
1645516754,2022-02-22,07:59:14.996138,Tuesday,51.4795312838203,-0.0252606031340197,Lewisham - Deptford,OPENAQ_Lewisham---Deptford225766,OPENAQ,,,5.0,1.0,11.1,,
1645516754,2022-02-22,07:59:14.996138,Tuesday,51.58395,-3.770822,Port Talbot Margam,OPENAQ_Port-Talbot-Margam946,OPENAQ,,16.0,5.0,2.0,6.0,57.0,1.0
1645516754,2022-02-22,07:59:14.996138,Tuesday,51.601203,-2.977281,Newport,OPENAQ_Newport764,OPENAQ,,4.0,3.0,1.0,3.0,,
1645516754,2022-02-22,07:59:14.996138,Tuesday,51.555378,-0.116146,Islington - Holloway Road,OPENAQ_Islington---Holloway-Road225791,OPENAQ,,6.1,,1.0,13.5,,
1645516754,2022-02-22,07:59:14.996138,Tuesday,51.75327,-1.223105,Cheney School,OPENAQ_Cheney-School228273,OPENAQ,0.6,8.4,7.6,1.0,,,
1645516754,2022-02-22,07:59:14.996138,Tuesday,51.75119,-1.273704,Bridge Street,OPENAQ_Bridge-Street227878,OPENAQ,0.6,15.6,14.8,1.0,,,
1645516754,2022-02-22,07:59:14.996138,Tuesday,51.508198,0.015002152,Newham - Hoola Tower,OPENAQ_Newham---Hoola-Tower227060,OPENAQ,,,,1.0,11.1,,
1645516754,2022-02-22,07:59:14.996138,Tuesday,51.52253,-0.042155,Tower Hamlets Roadside,OPENAQ_Tower-Hamlets-Roadside151,OPENAQ,,,,1.0,8.0,,
1645516754,2022-02-22,07:59:14.996138,Tuesday,51.47707,0.317969,Thurrock,OPENAQ_Thurrock2395,OPENAQ,,12.0,,2.0,7.0,33.0,2.0
1645516754,2022-02-22,07:59:14.996138,Tuesday,51.534668,0.027725,"London Borough of Newham, Upton Park","OPENAQ_London-Borough-of-Newham,-Upton-Park73049",OPENAQ,4.3,6.2,5.2,1.0,,,
1645516754,2022-02-22,07:59:14.996138,Tuesday,51.5168016452062,-0.145657269364411,Westminster - Cavendish Square,OPENAQ_Westminster---Cavendish-Square225835,OPENAQ,,20.0,,2.0,17.2,,
1645516754,2022-02-22,07:59:14.996138,Tuesday,51.614864007,-0.0507658363689,Enfield - Derby Road,OPENAQ_Enfield---Derby-Road225707,OPENAQ,,,,1.0,2.3,,
1645516754,2022-02-22,07:59:14.996138,Tuesday,51.66864334727,-0.02200720557,Enfield - Prince of Wales School,OPENAQ_Enfield---Prince-of-Wales-School225730,OPENAQ,,,,1.0,1.9,,
1645516754,2022-02-22,07:59:14.996138,Tuesday,51.744804,-1.260278,St. Ebbes no 3,OPENAQ_St.-Ebbes-no-3224922,OPENAQ,0.0,17.0,15.5,1.0,,,
1645516754,2022-02-22,07:59:14.996138,Tuesday,51.5993,-0.068218,Haringey Roadside,OPENAQ_Haringey-Roadside60,OPENAQ,,,,1.0,6.0,,
1645516754,2022-02-22,07:59:14.996138,Tuesday,51.744806,-1.260278,Oxford St Ebbes,OPENAQ_Oxford-St-Ebbes2469,OPENAQ,,5.0,3.0,1.0,2.0,,
1645516754,2022-02-22,07:59:14.996138,Tuesday,51.772064,-1.274198,Stone Meadow,OPENAQ_Stone-Meadow277618,OPENAQ,1.4,5.0,0.1,1.0,,,
1645516754,2022-02-22,07:59:14.996138,Tuesday,51.743694,-1.22639,Belvedere out,OPENAQ_Belvedere-out68091,OPENAQ,1.6,10.9,9.9,1.0,,,
1645516754,2022-02-22,07:59:14.996138,Tuesday,51.552656,-0.248774,Brent - Neasden Lane,OPENAQ_Brent---Neasden-Lane225715,OPENAQ,,4.3,,2.0,48.8,,
1645516754,2022-02-22,07:59:14.996138,Tuesday,51.89246,-0.404556,Alliances 4 Less Luton_1,OPENAQ_Alliances-4-Less-Luton_171447,OPENAQ,2.4,2.0,4.7,1.0,,,
1645516754,2022-02-22,07:59:14.996138,Tuesday,51.584128,-0.125254,London Haringey Priory Park South,OPENAQ_London-Haringey-Priory-Park-South150,OPENAQ,,,,2.0,4.0,49.0,
1645516754,2022-02-22,07:59:14.996138,Tuesday,51.613865,-0.125338,Enfield - Bowes Primary School,OPENAQ_Enfield---Bowes-Primary-School225711,OPENAQ,,6.5,,1.0,38.9,,
1645516754,2022-02-22,07:59:14.996138,Tuesday,51.77798,1.049031,St Osyth,OPENAQ_St-Osyth1795,OPENAQ,,,,2.0,1.0,55.0,
1645516754,2022-02-22,07:59:14.996138,Tuesday,51.766838,-1.269842,Kingston Canal,OPENAQ_Kingston-Canal224265,OPENAQ,0.0,2.5,8.2,1.0,,,
1645516754,2022-02-22,07:59:14.996138,Tuesday,52.191326,0.127787,Aberdeen Avenue,OPENAQ_Aberdeen-Avenue64499,OPENAQ,7.3,1.0,0.7,1.0,,,
1645516754,2022-02-22,07:59:14.996138,Tuesday,52.07528,0.810426,"Haymarket Farm, Little Waldingfield ","OPENAQ_Haymarket-Farm,-Little-Waldingfield-63805",OPENAQ,1.2,1.1,0.9,1.0,,,
1645516754,2022-02-22,07:59:14.996138,Tuesday,53.02821,-2.175133,Stoke-on-Trent Centre,OPENAQ_Stoke-on-Trent-Centre2579,OPENAQ,,5.0,3.0,2.0,6.0,55.0,
1645516754,2022-02-22,07:59:14.996138,Tuesday,51.748257,-1.232682,East Avenue,OPENAQ_East-Avenue228032,OPENAQ,1.1,6.5,5.9,1.0,,,
1645516754,2022-02-22,07:59:14.996138,Tuesday,51.746227,-1.295785,Crabtree Rd,OPENAQ_Crabtree-Rd225338,OPENAQ,0.2,2.6,2.2,1.0,,,
1645516754,2022-02-22,07:59:14.996138,Tuesday,52.28881,-1.533119,Leamington Spa,OPENAQ_Leamington-Spa2535,OPENAQ,,3.0,1.0,1.0,25.0,85.0,
1645516754,2022-02-22,07:59:14.996138,Tuesday,52.502436,-2.003497,Oldbury Birmingham Road,OPENAQ_Oldbury-Birmingham-Road406,OPENAQ,,,,1.0,14.0,,
1645516754,2022-02-22,07:59:14.996138,Tuesday,52.687298,-1.980821,Cannock A5190 Roadside,OPENAQ_Cannock-A5190-Roadside3529,OPENAQ,,,,1.0,3.0,,
1645516754,2022-02-22,07:59:14.996138,Tuesday,51.781784,-4.691462,Narberth,OPENAQ_Narberth2400,OPENAQ,,5.0,15.0,2.0,4.0,70.0,5.0
1645516754,2022-02-22,07:59:14.996138,Tuesday,51.76769,-1.271562,"Brindley Close, Oxford, OX26XN","OPENAQ_Brindley-Close,-Oxford,-OX26XN227943",OPENAQ,6.5,9.7,1.9,1.0,,,
1645516754,2022-02-22,07:59:14.996138,Tuesday,51.7535,-1.213152,"Old Road, Oxford,UK","OPENAQ_Old-Road,-Oxford,UK232094",OPENAQ,2.2,10.4,9.0,1.0,,,
1645516754,2022-02-22,07:59:14.996138,Tuesday,52.117313,-0.834936,Hanslope Bunker,OPENAQ_Hanslope-Bunker71431,OPENAQ,0.8,0.6,0.4,1.0,,,
1645516754,2022-02-22,07:59:14.996138,Tuesday,52.614193,1.301976,Norwich Lakenfields,OPENAQ_Norwich-Lakenfields2493,OPENAQ,,7.0,4.0,2.0,4.0,55.0,
1645516754,2022-02-22,07:59:14.996138,Tuesday,52.411563,-1.560228,Coventry Allesley,OPENAQ_Coventry-Allesley2494,OPENAQ,,5.0,4.0,2.0,24.0,50.0,
1645516754,2022-02-22,07:59:14.996138,Tuesday,52.62585,1.322723,Thorpe Hamlet,OPENAQ_Thorpe-Hamlet66403,OPENAQ,0.8,8.8,8.1,1.0,,,
1645516754,2022-02-22,07:59:14.996138,Tuesday,53.56292,-1.510436,Barnsley Gawber,OPENAQ_Barnsley-Gawber2323,OPENAQ,,,,1.0,6.0,85.0,3.0
1645516754,2022-02-22,07:59:14.996138,Tuesday,53.326444,-9.903917,Mace Head,OPENAQ_Mace-Head1693,OPENAQ,,,,3.0,,84.0,
1645516754,2022-02-22,07:59:14.996138,Tuesday,51.892293,-0.46211,Luton A505 Roadside,OPENAQ_Luton-A505-Roadside2452,OPENAQ,,,,1.0,16.0,,
1645516754,2022-02-22,07:59:14.996138,Tuesday,51.762375,-1.267361,20 Plantation Road Oxford,OPENAQ_20-Plantation-Road-Oxford227939,OPENAQ,1.3,15.3,14.4,1.0,,,
1645516754,2022-02-22,07:59:14.996138,Tuesday,52.619823,-1.127311,Leicester University,OPENAQ_Leicester-University2516,OPENAQ,,7.0,2.0,2.0,24.0,40.0,
1645516754,2022-02-22,07:59:14.996138,Tuesday,52.2944,1.463497,Sibton,OPENAQ_Sibton2309,OPENAQ,,,,2.0,,76.0,
1645516754,2022-02-22,07:59:14.996138,Tuesday,52.906998,-2.469237,Market Drayton,OPENAQ_Market-Drayton160435,OPENAQ,0.1,1.3,0.8,1.0,,,
1645516754,2022-02-22,07:59:14.996138,Tuesday,51.781425,-1.2649,Hamilton Road,OPENAQ_Hamilton-Road227962,OPENAQ,6.5,2.9,9.4,1.0,,,
1645516754,2022-02-22,07:59:14.996138,Tuesday,51.87647,-2.079458,"Church Road, Leckhampton","OPENAQ_Church-Road,-Leckhampton69550",OPENAQ,0.6,6.5,1.2,1.0,,,
1645516754,2022-02-22,07:59:14.996138,Tuesday,51.751745,-1.257463,Oxford Centre Roadside,OPENAQ_Oxford-Centre-Roadside2318,OPENAQ,,,,1.0,8.0,,
1645516754,2022-02-22,07:59:14.996138,Tuesday,52.50385,-3.034178,Aston Hill,OPENAQ_Aston-Hill2394,OPENAQ,,,,2.0,0.0,67.0,
1645516754,2022-02-22,07:59:14.996138,Tuesday,53.48481,-2.334139,Salford Eccles,OPENAQ_Salford-Eccles718,OPENAQ,,12.0,6.0,1.0,18.0,,
1645516754,2022-02-22,07:59:14.996138,Tuesday,52.605621,-2.030523,Walsall Woodlands,OPENAQ_Walsall-Woodlands2450,OPENAQ,,,,2.0,3.0,55.0,
1645516754,2022-02-22,07:59:14.996138,Tuesday,53.54914,-2.638139,Wigan Centre,OPENAQ_Wigan-Centre2293,OPENAQ,,10.0,6.0,2.0,12.0,61.0,
1645516754,2022-02-22,07:59:14.996138,Tuesday,52.074356,-0.625217,CU Ref 2,OPENAQ_CU-Ref-2278115,OPENAQ,0.1,0.5,1.8,1.0,,,
1645516754,2022-02-22,07:59:14.996138,Tuesday,53.59541,-2.831138,Burscough,OPENAQ_Burscough70855,OPENAQ,0.0,0.0,0.0,,,,
1645516754,2022-02-22,07:59:14.996138,Tuesday,53.518868,-1.138073,Doncaster A630 Cleveland Street,OPENAQ_Doncaster-A630-Cleveland-Street2379,OPENAQ,,,,1.0,4.0,,
1645516754,2022-02-22,07:59:14.996138,Tuesday,53.40495,-1.455815,Sheffield Barnsley Road,OPENAQ_Sheffield-Barnsley-Road3527,OPENAQ,,,5.0,1.0,14.0,,
1645516754,2022-02-22,07:59:14.996138,Tuesday,53.58634,-0.636811,Scunthorpe Town,OPENAQ_Scunthorpe-Town768,OPENAQ,,12.0,,1.0,17.0,,1.0
1645516754,2022-02-22,07:59:14.996138,Tuesday,52.980436,-2.111898,Stoke-on-Trent A50 Roadside,OPENAQ_Stoke-on-Trent-A50-Roadside2423,OPENAQ,,10.0,,1.0,74.0,,
1645516754,2022-02-22,07:59:14.996138,Tuesday,53.34633,-2.844333,Liverpool Speke,OPENAQ_Liverpool-Speke2507,OPENAQ,,10.0,3.0,1.0,13.0,86.0,3.0
1645516754,2022-02-22,07:59:14.996138,Tuesday,52.18848,-0.141652,Great Gransden,OPENAQ_Great-Gransden273471,OPENAQ,0.0,2.6,0.0,1.0,,,
1645516754,2022-02-22,07:59:14.996138,Tuesday,53.355072,-2.463832,High Legh,OPENAQ_High-Legh276281,OPENAQ,0.0,0.0,0.0,1.0,,,
1645516754,2022-02-22,07:59:14.996138,Tuesday,53.46008,-2.472056,Glazebury,OPENAQ_Glazebury2431,OPENAQ,,,,2.0,1.0,44.0,
1645516754,2022-02-22,07:59:14.996138,Tuesday,53.967513,-1.086514,York Bootham,OPENAQ_York-Bootham742,OPENAQ,,9.0,6.0,1.0,14.0,,
1645516754,2022-02-22,07:59:14.996138,Tuesday,53.378622,-1.478096,Sheffield Devonshire Green,OPENAQ_Sheffield-Devonshire-Green2508,OPENAQ,,6.0,4.0,2.0,11.0,55.0,
1645516754,2022-02-22,07:59:14.996138,Tuesday,53.04222,-3.002778,Wrexham,OPENAQ_Wrexham2442,OPENAQ,,2.0,1.0,1.0,2.0,,4.0
1645516754,2022-02-22,07:59:14.996138,Tuesday,53.41058,-1.396139,Sheffield Tinsley,OPENAQ_Sheffield-Tinsley2454,OPENAQ,,,,1.0,9.0,,
1645516754,2022-02-22,07:59:14.996138,Tuesday,52.47609,-1.875024,Birmingham A4540 Roadside,OPENAQ_Birmingham-A4540-Roadside3525,OPENAQ,,10.0,3.0,1.0,41.0,82.0,
1645516754,2022-02-22,07:59:14.996138,Tuesday,53.80378,-1.546472,Leeds Centre,OPENAQ_Leeds-Centre2523,OPENAQ,,12.0,6.0,1.0,14.0,56.0,3.0
1645516754,2022-02-22,07:59:14.996138,Tuesday,53.451826,-2.742134,St Helens Linkway,OPENAQ_St-Helens-Linkway3531,OPENAQ,,15.0,,1.0,10.0,,
1645516754,2022-02-22,07:59:14.996138,Tuesday,53.33302,-1.991432,Whaley Bridge,OPENAQ_Whaley-Bridge71290,OPENAQ,3.7,0.8,5.2,1.0,,,
1645516754,2022-02-22,07:59:14.996138,Tuesday,53.38928,-2.615358,Warrington,OPENAQ_Warrington2475,OPENAQ,,14.0,5.0,1.0,25.0,,
1645516754,2022-02-22,07:59:14.996138,Tuesday,52.95049,1.122017,Weybourne,OPENAQ_Weybourne2333,OPENAQ,,,,2.0,,39.0,
1645516754,2022-02-22,07:59:14.996138,Tuesday,52.22174,-2.736665,Leominster,OPENAQ_Leominster2427,OPENAQ,,,,2.0,4.0,82.0,
1645516754,2022-02-22,07:59:14.996138,Tuesday,52.95473,-1.146447,Nottingham Centre,OPENAQ_Nottingham-Centre938,OPENAQ,,8.0,5.0,1.0,19.0,50.0,2.0
1645516754,2022-02-22,07:59:14.996138,Tuesday,52.638677,-1.124228,Leicester A594 Roadside,OPENAQ_Leicester-A594-Roadside2343,OPENAQ,,10.0,,2.0,26.0,,
1645516754,2022-02-22,07:59:14.996138,Tuesday,53.771245,-1.759774,Bradford Mayo Avenue,OPENAQ_Bradford-Mayo-Avenue2301,OPENAQ,,,,1.0,9.0,,
1645516754,2022-02-22,07:59:14.996138,Tuesday,53.76559,-2.680353,Preston,OPENAQ_Preston2517,OPENAQ,,14.0,7.0,1.0,24.0,83.0,
1645516754,2022-02-22,07:59:14.996138,Tuesday,53.74878,-0.341222,Hull Freetown,OPENAQ_Hull-Freetown2509,OPENAQ,,13.0,7.0,1.0,17.0,75.0,5.0
1645516754,2022-02-22,07:59:14.996138,Tuesday,53.819972,-1.576361,Leeds Headingley Kerbside,OPENAQ_Leeds-Headingley-Kerbside1396,OPENAQ,,19.0,5.0,1.0,24.0,,
1645516754,2022-02-22,07:59:14.996138,Tuesday,53.559029,-2.293772,Bury Whitefield Roadside,OPENAQ_Bury-Whitefield-Roadside2444,OPENAQ,,11.0,,1.0,6.0,,
1645516754,2022-02-22,07:59:14.996138,Tuesday,53.579283,-2.093786,Shaw Crompton Way,OPENAQ_Shaw-Crompton-Way995,OPENAQ,,,,1.0,7.0,,
1645516754,2022-02-22,07:59:14.996138,Tuesday,53.231722,-1.456944,Chesterfield Roadside,OPENAQ_Chesterfield-Roadside865,OPENAQ,,7.0,4.0,1.0,2.0,,
1645516754,2022-02-22,07:59:14.996138,Tuesday,53.48152,-2.237881,Manchester Piccadilly,OPENAQ_Manchester-Piccadilly2312,OPENAQ,,9.0,6.0,1.0,26.0,50.0,5.0
1645516754,2022-02-22,07:59:14.996138,Tuesday,52.2985,0.290917,Wicken Fen,OPENAQ_Wicken-Fen804,OPENAQ,,,,2.0,5.0,84.0,1.0
1645516754,2022-02-22,07:59:14.996138,Tuesday,52.195816,0.13597,Ravensworth Gardens LibDem,OPENAQ_Ravensworth-Gardens-LibDem65136,OPENAQ,0.0,1.2,0.5,1.0,,,
1645516754,2022-02-22,07:59:14.996138,Tuesday,53.40337,-1.752006,Ladybower,OPENAQ_Ladybower2337,OPENAQ,,,,2.0,5.0,61.0,2.0
1645516754,2022-02-22,07:59:14.996138,Tuesday,53.37287,-3.022722,Wirral Tranmere,OPENAQ_Wirral-Tranmere2533,OPENAQ,,9.0,5.0,2.0,2.0,61.0,
1645516754,2022-02-22,07:59:14.996138,Tuesday,52.294884,-1.542911,Leamington Spa Rugby Road,OPENAQ_Leamington-Spa-Rugby-Road2534,OPENAQ,,3.0,1.0,1.0,2.0,,
1645516754,2022-02-22,07:59:14.996138,Tuesday,53.81699,-1.808156,Beckfoot Heaton Primary School,OPENAQ_Beckfoot-Heaton-Primary-School230368,OPENAQ,0.6,1.5,1.5,1.0,,,
1645516754,2022-02-22,07:59:14.996138,Tuesday,54.861595,-6.250873,Ballymena Ballykeel,OPENAQ_Ballymena-Ballykeel726,OPENAQ,,,,1.0,9.0,,2.0
1645516754,2022-02-22,07:59:14.996138,Tuesday,54.986405,-1.595362,Newcastle Cradlewell Roadside,OPENAQ_Newcastle-Cradlewell-Roadside2338,OPENAQ,,6.0,,2.0,23.0,,
1645516754,2022-02-22,07:59:14.996138,Tuesday,53.747751,-2.452724,Blackburn Accrington Road,OPENAQ_Blackburn-Accrington-Road2335,OPENAQ,,,,1.0,2.0,,
1645516754,2022-02-22,07:59:14.996138,Tuesday,53.80489,-3.007175,Blackpool Marton,OPENAQ_Blackpool-Marton2336,OPENAQ,,24.0,8.0,2.0,20.0,62.0,
1645516754,2022-02-22,07:59:14.996138,Tuesday,53.5121,-2.379615,Roe Green,OPENAQ_Roe-Green276140,OPENAQ,0.0,0.2,0.0,1.0,,,
1645516754,2022-02-22,07:59:14.996138,Tuesday,52.969377,-1.188851,Nottingham Western Boulevard,OPENAQ_Nottingham-Western-Boulevard2428,OPENAQ,,8.0,,1.0,32.0,,
1645516754,2022-02-22,07:59:14.996138,Tuesday,54.334944,-0.80855,High Muffles,OPENAQ_High-Muffles2419,OPENAQ,,,,3.0,1.0,90.0,
1645516754,2022-02-22,07:59:14.996138,Tuesday,55.070033,-3.614233,Dumfries,OPENAQ_Dumfries2416,OPENAQ,,,,1.0,13.0,,
1645516754,2022-02-22,07:59:14.996138,Tuesday,53.951889,-1.075861,York Fishergate,OPENAQ_York-Fishergate2544,OPENAQ,,9.0,6.0,1.0,29.0,,
1645516754,2022-02-22,07:59:14.996138,Tuesday,57.734456,-4.776583,Strathvaich,OPENAQ_Strathvaich425,OPENAQ,,,,3.0,,88.0,
1645516754,2022-02-22,07:59:14.996138,Tuesday,53.244131,-1.454946,Chesterfield Loundsley Green,OPENAQ_Chesterfield-Loundsley-Green2551,OPENAQ,,6.0,3.0,1.0,5.0,,
1645516754,2022-02-22,07:59:14.996138,Tuesday,53.038586,-2.245873,Chesterton,OPENAQ_Chesterton223344,OPENAQ,3.4,5.8,4.4,1.0,,,
1645516754,2022-02-22,07:59:14.996138,Tuesday,54.88361,-1.406878,Sunderland Silksworth,OPENAQ_Sunderland-Silksworth2578,OPENAQ,,17.0,10.0,2.0,11.0,85.0,
1645516754,2022-02-22,07:59:14.996138,Tuesday,60.13922,-1.185319,Lerwick,OPENAQ_Lerwick2417,OPENAQ,,,,3.0,,86.0,
1645516754,2022-02-22,07:59:14.996138,Tuesday,54.91839,-1.408391,Sunderland Wessington Way,OPENAQ_Sunderland-Wessington-Way1731,OPENAQ,,,,1.0,4.0,,
1645516754,2022-02-22,07:59:14.996138,Tuesday,54.60537,-1.275039,Billingham,OPENAQ_Billingham2300,OPENAQ,,,,1.0,2.0,,
1645516754,2022-02-22,07:59:14.996138,Tuesday,52.936028,-1.218722,BFD,OPENAQ_BFD221494,OPENAQ,0.4,0.1,1.1,1.0,,,
1645516754,2022-02-22,07:59:14.996138,Tuesday,54.569297,-1.220874,Middlesbrough,OPENAQ_Middlesbrough824,OPENAQ,,19.0,6.0,1.0,21.0,51.0,3.0
1645516754,2022-02-22,07:59:14.996138,Tuesday,54.04065,-2.796332,Lancaster,OPENAQ_Lancaster69533,OPENAQ,3.1,4.7,21.3,2.0,,,
1645516754,2022-02-22,07:59:14.996138,Tuesday,55.85917,-4.258889,Glasgow Kerbside,OPENAQ_Glasgow-Kerbside2320,OPENAQ,,,,2.0,24.0,,
1645516754,2022-02-22,07:59:14.996138,Tuesday,53.474415,-2.242654,Oxford Road Station MG001,OPENAQ_Oxford-Road-Station-MG00170676,OPENAQ,1.3,6.3,5.5,1.0,,,
1645516754,2022-02-22,07:59:14.996138,Tuesday,55.945589,-3.182186,Edinburgh St Leonards,OPENAQ_Edinburgh-St-Leonards955,OPENAQ,,16.0,9.0,1.0,33.0,66.0,1.0
1645516754,2022-02-22,07:59:14.996138,Tuesday,57.481308,-4.241451,Inverness,OPENAQ_Inverness968,OPENAQ,,6.0,7.0,1.0,22.0,,
1645516754,2022-02-22,07:59:14.996138,Tuesday,53.758971,-0.305749,Hull Holderness Road,OPENAQ_Hull-Holderness-Road2425,OPENAQ,,13.0,,2.0,23.0,,
1645516754,2022-02-22,07:59:14.996138,Tuesday,54.353728,-6.654558,Armagh Roadside,OPENAQ_Armagh-Roadside2386,OPENAQ,,12.0,,1.0,15.0,,
1645516754,2022-02-22,07:59:14.996138,Tuesday,55.79216,-3.2429,Auchencorth Moss,OPENAQ_Auchencorth-Moss2550,OPENAQ,,6.0,8.0,2.0,,75.0,
1645516754,2022-02-22,07:59:14.996138,Tuesday,54.565819,-1.3159,Stockton-on-Tees A1305 Roadside,OPENAQ_Stockton-on-Tees-A1305-Roadside2368,OPENAQ,,,6.0,1.0,3.0,,
1645516754,2022-02-22,07:59:14.996138,Tuesday,55.657472,-3.196527,Peebles,OPENAQ_Peebles2308,OPENAQ,,,,2.0,20.0,84.0,
1645516754,2022-02-22,07:59:14.996138,Tuesday,54.574627,-5.914424,St Judes Avenue,OPENAQ_St-Judes-Avenue65762,OPENAQ,3.7,8.1,3.4,1.0,,,
1645516754,2022-02-22,07:59:14.996138,Tuesday,53.6457,-2.640321,Chorley Central South,OPENAQ_Chorley-Central-South72795,OPENAQ,0.8,3.9,1.5,1.0,,,
1645516754,2022-02-22,07:59:14.996138,Tuesday,54.59965,-5.928833,Belfast Centre,OPENAQ_Belfast-Centre2527,OPENAQ,,7.0,8.0,2.0,47.0,64.0,3.0
1645516754,2022-02-22,07:59:14.996138,Tuesday,55.002818,-7.331179,Derry Rosemount,OPENAQ_Derry-Rosemount2545,OPENAQ,,12.0,9.0,2.0,1.0,74.0,
1645516754,2022-02-22,07:59:14.996138,Tuesday,52.922983,-1.469507,Derby St Alkmund's Way,OPENAQ_Derby-St-Alkmund's-Way3523,OPENAQ,,,,1.0,7.0,,
1645516754,2022-02-22,07:59:14.996138,Tuesday,54.43951,-7.900328,Lough Navar,OPENAQ_Lough-Navar2361,OPENAQ,,6.0,6.0,2.0,,78.0,
1645516754,2022-02-22,07:59:14.996138,Tuesday,53.652817,-0.612962,delerius-weather.com,OPENAQ_delerius-weather.com70815,OPENAQ,0.0,2.3,1.2,1.0,,,
1645516754,2022-02-22,07:59:14.996138,Tuesday,53.371306,-2.239218,Manchester Sharston,OPENAQ_Manchester-Sharston2286,OPENAQ,,,,2.0,24.0,76.0,
1645516754,2022-02-22,07:59:14.996138,Tuesday,55.860936,-4.238214,Glasgow High Street,OPENAQ_Glasgow-High-Street2571,OPENAQ,,15.0,12.0,1.0,64.0,,
1645516754,2022-02-22,07:59:14.996138,Tuesday,56.17822,-4.382943,Aberfoyle,OPENAQ_Aberfoyle274135,OPENAQ,8.3,20.8,0.2,2.0,,,
1645516754,2022-02-22,07:59:14.996138,Tuesday,57.144555,-2.106472,Aberdeen Union Street Roadside,OPENAQ_Aberdeen-Union-Street-Roadside1233,OPENAQ,,,,2.0,47.0,,
1645516754,2022-02-22,07:59:14.996138,Tuesday,54.572586,-5.974944,Belfast Stockman's Lane,OPENAQ_Belfast-Stockman's-Lane2296,OPENAQ,,13.0,,1.0,20.0,,
1645516754,2022-02-22,07:59:14.996138,Tuesday,55.865782,-4.243631,Glasgow Townhead,OPENAQ_Glasgow-Townhead2574,OPENAQ,,19.0,7.0,2.0,48.0,59.0,
1645516754,2022-02-22,07:59:14.996138,Tuesday,56.82266,-5.101102,Fort William,OPENAQ_Fort-William2438,OPENAQ,,,,2.0,17.0,85.0,
1645516754,2022-02-22,07:59:14.996138,Tuesday,52.2605,0.069473,Oakington C of E Primary School,OPENAQ_Oakington-C-of-E-Primary-School70977,OPENAQ,0.6,1.5,1.3,1.0,,,
1645516754,2022-02-22,07:59:14.996138,Tuesday,55.862281,-3.205782,Bush Estate,OPENAQ_Bush-Estate2443,OPENAQ,,,,2.0,3.0,92.0,
1645516754,2022-02-22,07:59:14.996138,Tuesday,55.872038,-4.270936,Glasgow Great Western Road,OPENAQ_Glasgow-Great-Western-Road2372,OPENAQ,,,,1.0,14.0,,
1645516754,2022-02-22,07:59:14.996138,Tuesday,56.010319,-3.704399,Grangemouth,OPENAQ_Grangemouth2356,OPENAQ,,16.0,9.0,1.0,14.0,,3.0
1645516754,2022-02-22,07:59:14.996138,Tuesday,56.013142,-3.710833,Grangemouth Moray,OPENAQ_Grangemouth-Moray2355,OPENAQ,,,,1.0,3.0,,
1645516754,2022-02-22,07:59:14.996138,Tuesday,55.943197,-4.55973,Dumbarton Roadside,OPENAQ_Dumbarton-Roadside2413,OPENAQ,,,,1.0,4.0,,
1645516754,2022-02-22,07:59:14.996138,Tuesday,51.76957,-1.268024,CHALFONT RD  2,OPENAQ_CHALFONT-RD--2224066,OPENAQ,0.6,9.3,8.0,1.0,,,
1645516754,2022-02-22,07:59:14.996138,Tuesday,56.173805,-4.152828,"Thornhill, Stirling","OPENAQ_Thornhill,-Stirling269774",OPENAQ,0.0,0.0,1.6,1.0,,,
1645516754,2022-02-22,07:59:14.996138,Tuesday,57.133888,-2.094198,Aberdeen Wellington Road,OPENAQ_Aberdeen-Wellington-Road1234,OPENAQ,,,,2.0,20.0,,
1645516754,2022-02-22,07:59:14.996138,Tuesday,54.42784,-1.218189,Carlton-In-Cleveland,OPENAQ_Carlton-In-Cleveland70881,OPENAQ,0.0,0.0,0.0,1.0,,,
1645516754,2022-02-22,07:59:14.996138,Tuesday,56.054527,-4.225203,Fintry,OPENAQ_Fintry278471,OPENAQ,0.0,0.0,0.0,1.0,,,
1645516754,2022-02-22,07:59:14.996138,Tuesday,51.81106,-0.788408,SAWIE_AYL,OPENAQ_SAWIE_AYL226140,OPENAQ,1.5,3.0,1.5,1.0,,,
1645516754,2022-02-22,07:59:14.996138,Tuesday,56.14053,-3.585302,Tethyknowe,OPENAQ_Tethyknowe67492,OPENAQ,2.1,5.6,1.2,1.0,,,
1645516754,2022-02-22,07:59:14.996138,Tuesday,53.0665,-2.51601,Nantwich Weather,OPENAQ_Nantwich-Weather68143,OPENAQ,1.3,2.1,1.4,1.0,,,
1645516754,2022-02-22,07:59:14.996138,Tuesday,52.07438,-0.625219,CU Ref 1,OPENAQ_CU-Ref-1278112,OPENAQ,0.0,2.4,0.2,1.0,,,
1645516754,2022-02-22,07:59:14.996138,Tuesday,55.973328,-3.597035,Linlithgow,OPENAQ_Linlithgow63827,OPENAQ,0.1,2.6,0.5,1.0,,,
1645516754,2022-02-22,07:59:14.996138,Tuesday,53.50354,-2.31288,Paul's,OPENAQ_Paul's73085,OPENAQ,1.8,5.2,2.4,1.0,,,
1645516754,2022-02-22,07:59:14.996138,Tuesday,55.944079,-4.734421,Greenock A8 Roadside,OPENAQ_Greenock-A8-Roadside3524,OPENAQ,,21.0,11.0,1.0,8.0,,
1645516754,2022-02-22,07:59:14.996138,Tuesday,51.797092,-0.674276,"Tring, Hertfordshire","OPENAQ_Tring,-Hertfordshire227723",OPENAQ,0.0,2.2,1.8,1.0,,,
1645516754,2022-02-22,07:59:14.996138,Tuesday,56.150276,-3.886442,Blairlogie,OPENAQ_Blairlogie275325,OPENAQ,0.0,0.0,1.3,1.0,,,
1645516754,2022-02-22,07:59:14.996138,Tuesday,51.77344,-1.258291,Charlbury_Rd_1,OPENAQ_Charlbury_Rd_1226855,OPENAQ,4.6,7.2,2.1,1.0,,,
1645516754,2022-02-22,07:59:14.996138,Tuesday,57.548576,-4.262229,Munlochy Scotland,OPENAQ_Munlochy-Scotland62497,OPENAQ,1.4,0.0,1.6,1.0,,,
1645516754,2022-02-22,07:59:14.996138,Tuesday,53.836117,-1.785262,Wycliffe CE Primary,OPENAQ_Wycliffe-CE-Primary273187,OPENAQ,0.4,0.1,0.0,1.0,,,
1645516754,2022-02-22,07:59:14.996138,Tuesday,56.321636,-4.328981,Strathyre,OPENAQ_Strathyre274296,OPENAQ,0.2,0.0,0.0,1.0,,,
1645516754,2022-02-22,07:59:14.996138,Tuesday,51.87844,-2.077259,Leckhampton Road,OPENAQ_Leckhampton-Road69818,OPENAQ,0.7,5.6,1.2,1.0,,,
1645516754,2022-02-22,07:59:14.996138,Tuesday,51.90653,-2.077205,St Paul's Road,OPENAQ_St-Paul's-Road232671,OPENAQ,2.2,2.9,9.6,1.0,,,
1645516754,2022-02-22,07:59:14.996138,Tuesday,51.76957,-1.268883,CHALFONT RD 1,OPENAQ_CHALFONT-RD-1224057,OPENAQ,1.2,8.9,8.6,1.0,,,
1645516754,2022-02-22,07:59:14.996138,Tuesday,52.988564,-3.044453,Ruabon ,OPENAQ_Ruabon-70075,OPENAQ,0.6,3.4,1.5,1.0,,,
1645516754,2022-02-22,07:59:14.996138,Tuesday,53.80422,-1.822377,Beckfoot Allerton,OPENAQ_Beckfoot-Allerton73013,OPENAQ,1.7,3.2,3.3,1.0,,,
1645516754,2022-02-22,07:59:14.996138,Tuesday,53.826138,-1.217501,Church Fenton Out,OPENAQ_Church-Fenton-Out269034,OPENAQ,0.0,0.1,0.2,1.0,,,
1645516754,2022-02-22,07:59:14.996138,Tuesday,53.810047,-1.718163,Fagley Primary,OPENAQ_Fagley-Primary278190,OPENAQ,0.0,0.0,0.0,1.0,,,
1645516754,2022-02-22,07:59:14.996138,Tuesday,53.805824,-1.555872,"ULeeds(SEE, North Bldg)","OPENAQ_ULeeds(SEE,-North-Bldg)66170",OPENAQ,1.0,3.2,1.4,1.0,,,
1645516754,2022-02-22,07:59:14.996138,Tuesday,52.254253,0.026497,Bar Hill,OPENAQ_Bar-Hill234788,OPENAQ,0.7,2.1,1.5,1.0,,,
1645516754,2022-02-22,07:59:14.996138,Tuesday,53.413883,-2.091391,"Lib Dem Office, 34 Stockport Road","OPENAQ_Lib-Dem-Office,-34-Stockport-Road70189",OPENAQ,3.1,9.9,6.1,1.0,,,
1645516754,2022-02-22,07:59:14.996138,Tuesday,53.808933,-1.675309,Farsley PurpleAir PA-II Air Quality Sensor,OPENAQ_Farsley-PurpleAir-PA-II-Air-Quality-Sensor225091,OPENAQ,0.8,2.7,2.3,1.0,,,
1645516754,2022-02-22,07:59:14.996138,Tuesday,53.621494,-2.59267,Heath Charnock Chorley,OPENAQ_Heath-Charnock-Chorley70867,OPENAQ,2.7,4.3,5.2,1.0,,,
1645516754,2022-02-22,07:59:14.996138,Tuesday,53.779205,-1.790474,Brackenhill,OPENAQ_Brackenhill223977,OPENAQ,1.6,3.4,1.1,1.0,,,
1645516754,2022-02-22,07:59:14.996138,Tuesday,53.69084,-2.569743,Brinscall Ashmeadow Lane,OPENAQ_Brinscall-Ashmeadow-Lane71783,OPENAQ,0.9,5.4,4.8,1.0,,,
1645516754,2022-02-22,07:59:14.996138,Tuesday,53.327034,-1.740051,Bradda,OPENAQ_Bradda69228,OPENAQ,7.9,4.1,3.1,1.0,,,
1645516754,2022-02-22,07:59:14.996138,Tuesday,53.650043,-2.635968,Chorley Central Devonshire,OPENAQ_Chorley-Central-Devonshire68863,OPENAQ,3.7,11.5,7.6,1.0,,,
1645516754,2022-02-22,07:59:14.996138,Tuesday,52.26879,-1.361785,Stockton Ichthyosaur Weather,OPENAQ_Stockton-Ichthyosaur-Weather63129,OPENAQ,0.0,0.1,1.8,1.0,,,
1645516754,2022-02-22,07:59:14.996138,Tuesday,53.817112,-1.786535,Heaton St Barnabas Primary,OPENAQ_Heaton-St-Barnabas-Primary220515,OPENAQ,0.5,11.1,1.3,1.0,,,
1645516754,2022-02-22,07:59:14.996138,Tuesday,53.77879,-1.755614,St Stephen's Roof,OPENAQ_St-Stephen's-Roof71003,OPENAQ,1.5,1.8,2.6,1.0,,,
1645516754,2022-02-22,07:59:14.996138,Tuesday,54.10274,-2.79073,Bolton-le-Sands,OPENAQ_Bolton-le-Sands65877,OPENAQ,0.4,14.2,2.1,1.0,,,
1645516754,2022-02-22,07:59:14.996138,Tuesday,51.3586596124998,-0.149723946604927,Sutton - Wallington,OPENAQ_Sutton---Wallington225845,OPENAQ,,5.0,,1.0,7.8,,
1645516754,2022-02-22,07:59:14.996138,Tuesday,51.3712010773161,-0.131948824988095,Sutton - Beddington Village,OPENAQ_Sutton---Beddington-Village225792,OPENAQ,,16.0,,1.0,7.1,,
1645516754,2022-02-22,07:59:14.996138,Tuesday,51.514727,0.014554,Newham - Wren Close,OPENAQ_Newham---Wren-Close225772,OPENAQ,,9.0,6.0,1.0,8.6,,
1645516754,2022-02-22,07:59:14.996138,Tuesday,51.142082,-0.194181,Reigate and Banstead - Poles Lane,OPENAQ_Reigate-and-Banstead---Poles-Lane225760,OPENAQ,,4.2,,1.0,0.4,68.1,
1645516754,2022-02-22,07:59:14.996138,Tuesday,51.480189,-0.237335,Richmond Upon Thames - Castelnau,OPENAQ_Richmond-Upon-Thames---Castelnau225806,OPENAQ,,4.0,,1.0,11.1,,
1645516754,2022-02-22,07:59:14.996138,Tuesday,51.442633,-0.077653974,Southwark - South Circular Road,OPENAQ_Southwark---South-Circular-Road230827,OPENAQ,,4.4,3.5,1.0,7.8,,
1645516754,2022-02-22,07:59:14.996138,Tuesday,51.429331,-0.166524,Wandsworth - Tooting High Street,OPENAQ_Wandsworth---Tooting-High-Street225850,OPENAQ,,6.3,,2.0,15.6,,
1645516754,2022-02-22,07:59:14.996138,Tuesday,51.2887681443168,0.193420906906318,Sevenoaks - Bat and Ball,OPENAQ_Sevenoaks---Bat-and-Ball225795,OPENAQ,,3.2,,1.0,7.0,,
1645516754,2022-02-22,07:59:14.996138,Tuesday,51.4650325059122,-0.215824580947572,Wandsworth - Putney,OPENAQ_Wandsworth---Putney225851,OPENAQ,,8.0,,1.0,13.2,,
1645516754,2022-02-22,07:59:14.996138,Tuesday,51.4496728960354,-0.0374153592115306,Lewisham - Honor Oak Park,OPENAQ_Lewisham---Honor-Oak-Park225803,OPENAQ,,4.8,3.7,2.0,9.3,45.1,
1645516754,2022-02-22,07:59:14.996138,Tuesday,51.478697,0.255133,Thurrock - London Road (Purfleet),OPENAQ_Thurrock---London-Road-(Purfleet)225836,OPENAQ,,22.0,,2.0,13.3,,
1645516754,2022-02-22,07:59:14.996138,Tuesday,51.463429,-0.215871,Wandsworth - Putney High Street,OPENAQ_Wandsworth---Putney-High-Street225852,OPENAQ,,24.5,,2.0,89.4,,
1645516754,2022-02-22,07:59:14.996138,Tuesday,51.4636903568111,-0.166713485994806,Wandsworth - Lavender Hill (Clapham Jct),OPENAQ_Wandsworth---Lavender-Hill-(Clapham-Jct)225805,OPENAQ,,12.7,,1.0,37.0,,
1645516754,2022-02-22,07:59:14.996138,Tuesday,51.289391,0.201437,Sevenoaks - Greatness Park,OPENAQ_Sevenoaks---Greatness-Park225781,OPENAQ,,11.7,,1.0,2.3,54.3,
1645516754,2022-02-22,07:59:14.996138,Tuesday,51.1612605001364,-0.162410036780488,Reigate and Banstead - Horley South East,OPENAQ_Reigate-and-Banstead---Horley-South-East225784,OPENAQ,,,,1.0,4.9,,
1645516754,2022-02-22,07:59:14.996138,Tuesday,51.464113541162,-0.11458102695123,Lambeth - Brixton Road,OPENAQ_Lambeth---Brixton-Road225767,OPENAQ,,8.0,,2.0,20.6,,
1645516754,2022-02-22,07:59:14.996138,Tuesday,51.5119769825798,-0.12162720332856,Westminster - Covent Garden,OPENAQ_Westminster---Covent-Garden225807,OPENAQ,,,,1.0,7.7,,
1645516754,2022-02-22,07:59:14.996138,Tuesday,51.40162,-0.19589212,Merton - Morden Civic Centre 2,OPENAQ_Merton---Morden-Civic-Centre-2225775,OPENAQ,,,,1.0,8.1,,
1645516754,2022-02-22,07:59:14.996138,Tuesday,51.513847178423,-0.077765681752,City of London - The Aldgate School,OPENAQ_City-of-London---The-Aldgate-School225737,OPENAQ,,7.0,4.0,1.0,26.5,,
1645516754,2022-02-22,07:59:14.996138,Tuesday,51.456962,-0.191074,Wandsworth - Wandsworth Town Hall,OPENAQ_Wandsworth---Wandsworth-Town-Hall225808,OPENAQ,,,,1.0,7.3,,
1645516754,2022-02-22,07:59:14.996138,Tuesday,51.5189160348806,-0.265652052386222,Ealing - Horn Lane TEOM,OPENAQ_Ealing---Horn-Lane-TEOM149,OPENAQ,,27.0,,2.0,23.6,,
1645516754,2022-02-22,07:59:14.996138,Tuesday,51.503858,0.020574415,Newham - Britannia Gate,OPENAQ_Newham---Britannia-Gate227058,OPENAQ,,,4.0,1.0,16.6,,
1645516754,2022-02-22,07:59:14.996138,Tuesday,51.4447808,-0.0221832,Lewisham - Laurence House Catford,OPENAQ_Lewisham---Laurence-House-Catford270712,OPENAQ,,,,1.0,13.9,,
1645516754,2022-02-22,07:59:14.996138,Tuesday,51.4794395281222,-0.141786953606306,Wandsworth - Battersea,OPENAQ_Wandsworth---Battersea225839,OPENAQ,,11.1,,1.0,,,
1645516754,2022-02-22,07:59:14.996138,Tuesday,51.4637206047191,-0.215890144123119,Wandsworth - Putney High Street Facade,OPENAQ_Wandsworth---Putney-High-Street-Facade225812,OPENAQ,,,,2.0,25.0,,
1645516754,2022-02-22,07:59:14.996138,Tuesday,51.2924706381269,-0.154121454400678,Reigate and Banstead - A23 Hooley,OPENAQ_Reigate-and-Banstead---A23-Hooley225785,OPENAQ,,,,1.0,8.2,,
1645516754,2022-02-22,07:59:14.996138,Tuesday,51.4282131429499,-0.13186863879576,Lambeth - Streatham Green,OPENAQ_Lambeth---Streatham-Green225786,OPENAQ,,7.0,,1.0,5.0,,
1645516754,2022-02-22,07:59:14.996138,Tuesday,51.4355006647773,-0.257029893767993,Kingston Upon Thames - Kingston Vale,OPENAQ_Kingston-Upon-Thames---Kingston-Vale225780,OPENAQ,,7.0,,1.0,1.5,,
1645516754,2022-02-22,07:59:14.996138,Tuesday,51.537598,-0.002138,Newham - Cam Road,OPENAQ_Newham---Cam-Road225770,OPENAQ,,4.0,7.0,1.0,9.4,,
1645516754,2022-02-22,07:59:14.996138,Tuesday,51.377923,-0.240414,Sutton - Worcester Park,OPENAQ_Sutton---Worcester-Park225837,OPENAQ,,5.5,,1.0,6.9,,
1645516754,2022-02-22,07:59:14.996138,Tuesday,51.5839769007709,-0.125400278484885,Haringey  - Priory Park South,OPENAQ_Haringey----Priory-Park-South225777,OPENAQ,,,,2.0,4.4,66.1,
1645516754,2022-02-22,07:59:14.996138,Tuesday,51.4161384794862,-0.192230805042824,Merton - Merton Road,OPENAQ_Merton---Merton-Road225773,OPENAQ,,17.0,,1.0,,,
1645516754,2022-02-22,07:59:14.996138,Tuesday,51.4529847075166,-0.944461432664066,Reading - New Town,OPENAQ_Reading---New-Town225778,OPENAQ,,8.0,5.0,1.0,9.6,45.9,
1645516754,2022-02-22,07:59:14.996138,Tuesday,51.4646910611736,-0.0160682432041527,Lewisham - Loampit Vale,OPENAQ_Lewisham---Loampit-Vale225776,OPENAQ,,5.0,,1.0,14.1,,
1645516754,2022-02-22,07:59:14.996138,Tuesday,51.4638074287966,0.352141545594137,Thurrock - Dock Road Tilbury,OPENAQ_Thurrock---Dock-Road-Tilbury225840,OPENAQ,,,4.0,1.0,58.7,,
1645516754,2022-02-22,07:59:14.996138,Tuesday,51.389286904505,-0.141661524779893,Sutton - Beddington Lane north,OPENAQ_Sutton---Beddington-Lane-north225832,OPENAQ,,15.0,7.0,1.0,13.5,,
1645516754,2022-02-22,07:59:14.996138,Tuesday,51.617327,-0.298775,Harrow - Stanmore,OPENAQ_Harrow---Stanmore137,OPENAQ,,4.2,,1.0,3.0,,
1645516754,2022-02-22,07:59:14.996138,Tuesday,51.516066,-0.13516388,Westminster - Oxford Street East,OPENAQ_Westminster---Oxford-Street-East225854,OPENAQ,,14.0,,2.0,18.5,,
1645516754,2022-02-22,07:59:14.996138,Tuesday,51.5075819137762,-0.133068372704093,Westminster - Waterloo Pl (Crown Estate),OPENAQ_Westminster---Waterloo-Pl-(Crown-Estate)270693,OPENAQ,,13.2,5.4,1.0,42.9,,
1645516754,2022-02-22,07:59:14.996138,Tuesday,51.4965604167321,-0.0530504472531612,Southwark - Lower Road,OPENAQ_Southwark---Lower-Road225794,OPENAQ,,11.6,5.4,1.0,4.2,,
1645516754,2022-02-22,07:59:14.996138,Tuesday,51.57661,0.030858,Redbridge - Gardner Close,OPENAQ_Redbridge---Gardner-Close225753,OPENAQ,,,,1.0,13.4,,
1645516754,2022-02-22,07:59:14.996138,Tuesday,51.412308,-0.29658478,Kingston Upon Thames - Cromwell Road,OPENAQ_Kingston-Upon-Thames---Cromwell-Road225757,OPENAQ,,9.0,,1.0,24.2,,
1645516754,2022-02-22,07:59:14.996138,Tuesday,51.5694843315237,0.0829074748964946,Redbridge - Ley Street,OPENAQ_Redbridge---Ley-Street225790,OPENAQ,,,,2.0,7.8,25.2,
1645516754,2022-02-22,07:59:14.996138,Tuesday,51.7779742837066,1.04634518982586,Tendring St Osyth AURN,OPENAQ_Tendring-St-Osyth-AURN225841,OPENAQ,,,,1.0,21.0,75.8,
1645516754,2022-02-22,07:59:14.996138,Tuesday,51.4854867739729,-0.124545234819213,Lambeth - Bondway Interchange,OPENAQ_Lambeth---Bondway-Interchange225783,OPENAQ,,19.0,,2.0,6.9,,4.2
1645516754,2022-02-22,07:59:14.996138,Tuesday,51.4931557048667,-0.101527038274853,Southwark - Elephant and Castle,OPENAQ_Southwark---Elephant-and-Castle225793,OPENAQ,,6.4,5.0,1.0,,49.5,
1645516754,2022-02-22,07:59:14.996138,Tuesday,53.388511,-3.025014,Birkenhead Borough Road,OPENAQ_Birkenhead-Borough-Road3526,OPENAQ,,,,1.0,8.0,,
1645516754,2022-02-22,07:59:14.996138,Tuesday,54.97825,-1.610528,Newcastle Centre,OPENAQ_Newcastle-Centre2051,OPENAQ,,6.0,4.0,2.0,18.0,59.0,
1645516754,2022-02-22,07:59:14.996138,Tuesday,51.52229,-0.125889,London Bloomsbury,OPENAQ_London-Bloomsbury148,OPENAQ,,11.0,7.0,2.0,10.0,33.0,1.0
1645516754,2022-02-22,07:59:14.996138,Tuesday,54.516667,-1.358547,Stockton-on-Tees Eaglescliffe,OPENAQ_Stockton-on-Tees-Eaglescliffe414,OPENAQ,,3.0,3.0,1.0,1.0,,
1645516754,2022-02-22,07:59:14.996138,Tuesday,51.5013906712066,-0.0782034373606952,Southwark - Tower Bridge Road,OPENAQ_Southwark---Tower-Bridge-Road225787,OPENAQ,,6.7,6.5,1.0,9.4,,
1645516754,2022-02-22,07:59:14.996138,Tuesday,51.5139287404213,-0.152792701881935,Westminster - Oxford Street,OPENAQ_Westminster---Oxford-Street225858,OPENAQ,,20.0,,1.0,,,
1645516754,2022-02-22,07:59:14.996138,Tuesday,51.5435262816468,0.674668595611693,Southend-on-Sea AURN,OPENAQ_Southend-on-Sea-AURN225754,OPENAQ,,4.0,3.0,1.0,5.7,61.9,
1645516754,2022-02-22,07:59:14.996138,Tuesday,53.298885,-3.413794,Dyserth,OPENAQ_Dyserth218239,OPENAQ,0.2,0.8,0.4,1.0,,,
1645516754,2022-02-22,07:59:14.996138,Tuesday,51.395706,-0.570359,Virginia Water,OPENAQ_Virginia-Water288337,OPENAQ,0.0,0.0,0.0,,,,
1645516754,2022-02-22,07:59:14.996138,Tuesday,51.5363854087616,-0.725480414494953,Windsor and Maidenhead - Aldebury Road,OPENAQ_Windsor-and-Maidenhead---Aldebury-Road225844,OPENAQ,,,,1.0,2.5,,
1645516754,2022-02-22,07:59:14.996138,Tuesday,51.4906102082147,0.158914493927518,Bexley - Belvedere,OPENAQ_Bexley---Belvedere225714,OPENAQ,,,,1.0,2.7,,
1645516754,2022-02-22,07:59:14.996138,Tuesday,51.4922482333024,-0.147114752900186,Westminster - Elizabeth Bridge,OPENAQ_Westminster---Elizabeth-Bridge225801,OPENAQ,,,7.0,1.0,6.6,,
1645516754,2022-02-22,07:59:14.996138,Tuesday,53.765507,-1.809035,Home Farm Primary,OPENAQ_Home-Farm-Primary288416,OPENAQ,2.5,10.0,8.0,1.0,,,
1645516754,2022-02-22,07:59:14.996138,Tuesday,53.80154,-1.783275,Whetley Primary,OPENAQ_Whetley-Primary236417,OPENAQ,0.8,7.8,3.7,1.0,,,
1645516754,2022-02-22,07:59:14.996138,Tuesday,53.365391,-2.73168,Widnes Milton Road,OPENAQ_Widnes-Milton-Road2322,OPENAQ,,,,,0.0,,
1645516754,2022-02-22,07:59:14.996138,Tuesday,53.70867,-1.912576,Sowerby Bridge Library,OPENAQ_Sowerby-Bridge-Library226965,OPENAQ,1.4,8.3,4.4,1.0,,,
1645516754,2022-02-22,07:59:14.996138,Tuesday,54.286366,-1.516814,RAFX,OPENAQ_RAFX287202,OPENAQ,0.0,0.0,0.0,,,,
1645516754,2022-02-22,07:59:14.996138,Tuesday,53.786297,-1.772859,Copthorne Primary School,OPENAQ_Copthorne-Primary-School287221,OPENAQ,0.0,1.3,0.4,1.0,,,
1645516754,2022-02-22,07:59:14.996138,Tuesday,56.189777,-4.0527,Doune,OPENAQ_Doune277831,OPENAQ,0.0,0.0,0.0,,,,
